#16,ABI-L1b-RadC-Reproc
#16,ABI-L1b-RadC
#16,ABI-L1b-RadF-Reproc
#16,ABI-L1b-RadF
#16,ABI-L1b-RadM
16,ABI-L2-ACHA2KMC
16,ABI-L2-ACHA2KMF
16,ABI-L2-ACHA2KMM
16,ABI-L2-ACHAC
16,ABI-L2-ACHAF
16,ABI-L2-ACHAM
16,ABI-L2-ACHP2KMC
16,ABI-L2-ACHP2KMF
16,ABI-L2-ACHP2KMM
16,ABI-L2-ACHTF
16,ABI-L2-ACHTM
16,ABI-L2-ACMC
16,ABI-L2-ACMF
16,ABI-L2-ACMM
16,ABI-L2-ACTPC
16,ABI-L2-ACTPF
16,ABI-L2-ACTPM
16,ABI-L2-ADPC
16,ABI-L2-ADPF
16,ABI-L2-ADPM
16,ABI-L2-AICEF
16,ABI-L2-AITAF
16,ABI-L2-AODC
16,ABI-L2-AODF
16,ABI-L2-BRFC
16,ABI-L2-BRFF
16,ABI-L2-BRFM
16,ABI-L2-CCLC
16,ABI-L2-CCLF
16,ABI-L2-CCLM
16,ABI-L2-CMIPC
16,ABI-L2-CMIPF
16,ABI-L2-CMIPM
16,ABI-L2-COD2KMF
16,ABI-L2-CODC
16,ABI-L2-CODF
16,ABI-L2-CPSC
16,ABI-L2-CPSF
16,ABI-L2-CPSM
16,ABI-L2-CTPC
16,ABI-L2-CTPF
16,ABI-L2-DMWC
16,ABI-L2-DMWF
16,ABI-L2-DMWM
16,ABI-L2-DMWVC
16,ABI-L2-DMWVF
16,ABI-L2-DMWVM
16,ABI-L2-DSIC
16,ABI-L2-DSIF
16,ABI-L2-DSIM
16,ABI-L2-DSRC
16,ABI-L2-DSRF
16,ABI-L2-DSRM
16,ABI-L2-FDCC
16,ABI-L2-FDCF
16,ABI-L2-FDCM
16,ABI-L2-FSCC
16,ABI-L2-FSCF
16,ABI-L2-FSCM
16,ABI-L2-LSAC
16,ABI-L2-LSAF
16,ABI-L2-LSAM
16,ABI-L2-LST2KMF
16,ABI-L2-LSTC
16,ABI-L2-LSTF
16,ABI-L2-LSTM
16,ABI-L2-LVMPC
16,ABI-L2-LVMPF
16,ABI-L2-LVMPM
16,ABI-L2-LVTPC
16,ABI-L2-LVTPF
16,ABI-L2-LVTPM
16,ABI-L2-MCMIPC
16,ABI-L2-MCMIPF
16,ABI-L2-MCMIPM
16,ABI-L2-RRQPEF
16,ABI-L2-RSRC
16,ABI-L2-RSRF
16,ABI-L2-SSTF
16,ABI-L2-TPWC
16,ABI-L2-TPWF
16,ABI-L2-TPWM
16,ABI-L2-VAAF
#16,EXIS-L1b-SFEU
#16,EXIS-L1b-SFXR
#16,GLM-L2-LCFA
#16,MAG-L1b-GEOF
#16,SEIS-L1b-EHIS
#16,SEIS-L1b-MPSH
#16,SEIS-L1b-MPSL
#16,SEIS-L1b-SGPS
#16,SUVI-L1b-Fe093
#16,SUVI-L1b-Fe131
#16,SUVI-L1b-Fe171
#16,SUVI-L1b-Fe195
#16,SUVI-L1b-Fe284
#16,SUVI-L1b-He303
#17,ABI-L1b-RadC-Reproc
#17,ABI-L1b-RadC
#17,ABI-L1b-RadF-Reproc
#17,ABI-L1b-RadF
#17,ABI-L1b-RadM
17,ABI-L2-ACHAC
17,ABI-L2-ACHAF
17,ABI-L2-ACHAM
17,ABI-L2-ACHTF
17,ABI-L2-ACHTM
17,ABI-L2-ACMC
17,ABI-L2-ACMF
17,ABI-L2-ACMM
17,ABI-L2-ACTPC
17,ABI-L2-ACTPF
17,ABI-L2-ACTPM
17,ABI-L2-ADPC
17,ABI-L2-ADPF
17,ABI-L2-ADPM
17,ABI-L2-AICEF
17,ABI-L2-AITAF
17,ABI-L2-AODC
17,ABI-L2-AODF
17,ABI-L2-BRFC
17,ABI-L2-BRFF
17,ABI-L2-BRFM
17,ABI-L2-CMIPC
17,ABI-L2-CMIPF
17,ABI-L2-CMIPM
17,ABI-L2-CODC
17,ABI-L2-CODF
17,ABI-L2-CPSC
17,ABI-L2-CPSF
17,ABI-L2-CPSM
17,ABI-L2-CTPC
17,ABI-L2-CTPF
17,ABI-L2-DMWC
17,ABI-L2-DMWF
17,ABI-L2-DMWM
17,ABI-L2-DMWVC
17,ABI-L2-DMWVF
17,ABI-L2-DMWVM
17,ABI-L2-DSIC
17,ABI-L2-DSIF
17,ABI-L2-DSIM
17,ABI-L2-DSRC
17,ABI-L2-DSRF
17,ABI-L2-DSRM
17,ABI-L2-FDCC
17,ABI-L2-FDCF
17,ABI-L2-FDCM
17,ABI-L2-LSAC
17,ABI-L2-LSAF
17,ABI-L2-LSAM
17,ABI-L2-LST2KMF
17,ABI-L2-LSTC
17,ABI-L2-LSTF
17,ABI-L2-LSTM
17,ABI-L2-LVMPC
17,ABI-L2-LVMPF
17,ABI-L2-LVMPM
17,ABI-L2-LVTPC
17,ABI-L2-LVTPF
17,ABI-L2-LVTPM
17,ABI-L2-MCMIPC
17,ABI-L2-MCMIPF
17,ABI-L2-MCMIPM
17,ABI-L2-RRQPEF
17,ABI-L2-RSRC
17,ABI-L2-RSRF
17,ABI-L2-SSTF
17,ABI-L2-TPWC
17,ABI-L2-TPWF
17,ABI-L2-TPWM
17,ABI-L2-VAAF
#17,EXIS-L1b-SFEU
#17,EXIS-L1b-SFXR
#17,GLM-L2-LCFA
#17,MAG-L1b-GEOF
#17,SEIS-L1b-EHIS
#17,SEIS-L1b-MPSH
#17,SEIS-L1b-MPSL
#17,SEIS-L1b-SGPS
#17,SUVI-L1b-Fe093
#17,SUVI-L1b-Fe131
#17,SUVI-L1b-Fe171
#17,SUVI-L1b-Fe195
#17,SUVI-L1b-Fe284
#17,SUVI-L1b-He303
#18,ABI-Flood-Day-Shapefiles
#18,ABI-Flood-Day-TIF
#18,ABI-Flood-Day
#18,ABI-Flood-Hourly-Shapefiles
#18,ABI-Flood-Hourly-TIF
#18,ABI-Flood-Hourly
#18,ABI-L1b-RadC
#18,ABI-L1b-RadF
#18,ABI-L1b-RadM
18,ABI-L2-ACHA2KMC
18,ABI-L2-ACHA2KMF
18,ABI-L2-ACHA2KMM
18,ABI-L2-ACHAC
18,ABI-L2-ACHAF
18,ABI-L2-ACHAM
18,ABI-L2-ACHP2KMC
18,ABI-L2-ACHP2KMF
18,ABI-L2-ACHP2KMM
18,ABI-L2-ACHTF
18,ABI-L2-ACHTM
18,ABI-L2-ACMC
18,ABI-L2-ACMF
18,ABI-L2-ACMM
18,ABI-L2-ACTPC
18,ABI-L2-ACTPF
18,ABI-L2-ACTPM
18,ABI-L2-ADPC
18,ABI-L2-ADPF
18,ABI-L2-ADPM
18,ABI-L2-AICEF
18,ABI-L2-AITAF
18,ABI-L2-AODC
18,ABI-L2-AODF
18,ABI-L2-BRFC
18,ABI-L2-BRFF
18,ABI-L2-BRFM
18,ABI-L2-CCLC
18,ABI-L2-CCLF
18,ABI-L2-CCLM
18,ABI-L2-CMIPC
18,ABI-L2-CMIPF
18,ABI-L2-CMIPM
18,ABI-L2-COD2KMF
18,ABI-L2-CODC
18,ABI-L2-CODF
18,ABI-L2-CPSC
18,ABI-L2-CPSF
18,ABI-L2-CPSM
18,ABI-L2-CTPC
18,ABI-L2-CTPF
18,ABI-L2-DMWC
18,ABI-L2-DMWF
18,ABI-L2-DMWM
18,ABI-L2-DMWVC
18,ABI-L2-DMWVF
18,ABI-L2-DMWVM
18,ABI-L2-DSIC
18,ABI-L2-DSIF
18,ABI-L2-DSIM
18,ABI-L2-DSRC
18,ABI-L2-DSRF
18,ABI-L2-DSRM
18,ABI-L2-FDCC
18,ABI-L2-FDCF
18,ABI-L2-FDCM
18,ABI-L2-FSCC
18,ABI-L2-FSCF
18,ABI-L2-FSCM
18,ABI-L2-LSAC
18,ABI-L2-LSAF
18,ABI-L2-LSAM
18,ABI-L2-LST2KMF
18,ABI-L2-LSTC
18,ABI-L2-LSTF
18,ABI-L2-LSTM
18,ABI-L2-LVMPC
18,ABI-L2-LVMPF
18,ABI-L2-LVMPM
18,ABI-L2-LVTPC
18,ABI-L2-LVTPF
18,ABI-L2-LVTPM
18,ABI-L2-MCMIPC
18,ABI-L2-MCMIPF
18,ABI-L2-MCMIPM
18,ABI-L2-PARF
18,ABI-L2-RRQPEF
18,ABI-L2-RSRC
18,ABI-L2-RSRF
18,ABI-L2-SSTF
18,ABI-L2-TPWC
18,ABI-L2-TPWF
18,ABI-L2-TPWM
#18,EXIS-L1b-SFEU
#18,EXIS-L1b-SFXR
#18,GLM-L2-LCFA
#18,MAG-L1b-GEOF
#18,SEIS-L1b-EHIS
#18,SEIS-L1b-MPSH
#18,SEIS-L1b-MPSL
#18,SEIS-L1b-SGPS
#18,SUVI-L1b-Fe093
#18,SUVI-L1b-Fe131
#18,SUVI-L1b-Fe171
#18,SUVI-L1b-Fe195
#18,SUVI-L1b-Fe284
#18,SUVI-L1b-He303
#19,ABI-Flood-Day-Shapefiles
#19,ABI-Flood-Day-TIF
#19,ABI-Flood-Day
#19,ABI-Flood-Hourly-Shapefiles
#19,ABI-Flood-Hourly-TIF
#19,ABI-Flood-Hourly
#19,ABI-L1b-RadC
#19,ABI-L1b-RadF
#19,ABI-L1b-RadM
19,ABI-L2-ACHA2KMC
19,ABI-L2-ACHA2KMF
19,ABI-L2-ACHA2KMM
19,ABI-L2-ACHAC
19,ABI-L2-ACHAF
19,ABI-L2-ACHAM
19,ABI-L2-ACHP2KMC
19,ABI-L2-ACHP2KMF
19,ABI-L2-ACHP2KMM
19,ABI-L2-ACHTF
19,ABI-L2-ACHTM
19,ABI-L2-ACMC
19,ABI-L2-ACMF
19,ABI-L2-ACMM
19,ABI-L2-ACTPC
19,ABI-L2-ACTPF
19,ABI-L2-ACTPM
19,ABI-L2-ADPC
19,ABI-L2-ADPF
19,ABI-L2-ADPM
19,ABI-L2-AICEF
19,ABI-L2-AITAF
19,ABI-L2-AODC
19,ABI-L2-AODF
19,ABI-L2-BRFC
19,ABI-L2-BRFF
19,ABI-L2-BRFM
19,ABI-L2-CCLC
19,ABI-L2-CCLF
19,ABI-L2-CCLM
19,ABI-L2-CMIPC
19,ABI-L2-CMIPF
19,ABI-L2-CMIPM
19,ABI-L2-COD2KMF
19,ABI-L2-CODC
19,ABI-L2-CODF
19,ABI-L2-CPSC
19,ABI-L2-CPSF
19,ABI-L2-CPSM
19,ABI-L2-CTPC
19,ABI-L2-CTPF
19,ABI-L2-DMWC
19,ABI-L2-DMWF
19,ABI-L2-DMWM
19,ABI-L2-DMWVC
19,ABI-L2-DMWVF
19,ABI-L2-DMWVM
19,ABI-L2-DSIC
19,ABI-L2-DSIF
19,ABI-L2-DSIM
19,ABI-L2-DSRF
19,ABI-L2-FDCC
19,ABI-L2-FDCF
19,ABI-L2-FDCM
19,ABI-L2-FSCC
19,ABI-L2-FSCF
19,ABI-L2-FSCM
19,ABI-L2-LSAC
19,ABI-L2-LSAF
19,ABI-L2-LSAM
19,ABI-L2-LST2KMF
19,ABI-L2-LSTC
19,ABI-L2-LSTF
19,ABI-L2-LSTM
19,ABI-L2-LVMPC
19,ABI-L2-LVMPF
19,ABI-L2-LVMPM
19,ABI-L2-LVTPC
19,ABI-L2-LVTPF
19,ABI-L2-LVTPM
19,ABI-L2-MCMIPC
19,ABI-L2-MCMIPF
19,ABI-L2-MCMIPM
19,ABI-L2-PARF
19,ABI-L2-RRQPEF
19,ABI-L2-RSRF
19,ABI-L2-SSTF
19,ABI-L2-TPWC
19,ABI-L2-TPWF
19,ABI-L2-TPWM
#19,EXIS-L1b-SFEU
#19,EXIS-L1b-SFXR
#19,GLM-L2-LCFA
#19,MAG-L1b-GEOF
#19,SEIS-L1b-EHIS
#19,SEIS-L1b-MPSH
#19,SEIS-L1b-MPSL
#19,SEIS-L1b-SGPS
#19,SUVI-L1b-Fe093
#19,SUVI-L1b-Fe131
#19,SUVI-L1b-Fe171
#19,SUVI-L1b-Fe195
#19,SUVI-L1b-Fe284
#19,SUVI-L1b-He303